title,price,location,review
Apple iPhone 12 Pro Max (A2342) - 128GB/256GB/512GB - (Unlocked) - EXCELLENT,"IDR11,651,515.15 to IDR12,863,636.36",United States,2 product ratings - Apple iPhone 12 Pro Max (A2342) - 128GB/256GB/512GB - (Unlocked) - EXCELLENT
Apple iPhone XS Max 64GB 256GB 512GB - Unlocked AT&T T-Mobile Verizon Sprint,"IDR4,181,515.15 to IDR4,939,090.91",United States,1 product rating - Apple iPhone XS Max 64GB 256GB 512GB - Unlocked AT&T T-Mobile Verizon Sprint
Apple iPhone XS 64GB 256GB 512GB Unlocked AT&T T-Mobile Verizon Sprint,"IDR3,272,424.24 to IDR7,302,727.27",United States,31 product ratings - Apple iPhone XS 64GB 256GB 512GB Unlocked AT&T T-Mobile Verizon Sprint
Apple iPhone 8 - 64GB 128GB 256GB - All Colors - Good Condition,"IDR1,984,848.48",United States,12 product ratings - Apple iPhone 8 - 64GB 128GB 256GB - All Colors - Good Condition
Apple iPhone 13 Mini 128GB | Factory Unlocked | All Colors | Excellent,"IDR8,333,181.82",United States,2 product ratings - Apple iPhone 13 Mini 128GB | Factory Unlocked | All Colors | Excellent
Apple iPhone 11 - 64GB 128GB 256GB - All Colors - Good Condition,"IDR4,530,303.03 to IDR5,712,121.21",United States,2 product ratings - Apple iPhone 11 - 64GB 128GB 256GB - All Colors - Good Condition
Apple - iPhone 14 - 128gb - Factory Sealed - Factory Warranty - UNLOCKED!,"IDR13,181,666.67",United States,no review
Apple iPhone 13 - 128GB 256GB 512GB - All Colors - Excellent Condition,"IDR8,333,333.33 to IDR10,984,848.48",United States,1 product rating - Apple iPhone 13 - 128GB 256GB 512GB - All Colors - Excellent Condition
Apple iPhone 12 Pro - 128GB 256GB 512GB - All Colors - Excellent Condition,"IDR7,954,545.45 to IDR10,378,787.88",United States,no review
Apple iPhone 13 Pro Max All Capacities ATT Sprint TMobile Unlocked VZW Excellent,"IDR12,121,060.61 to IDR17,575,606.06",United States,no review
Apple iPhone 8 Plus GSM Unlocked 64GB 128GB 256GB Smartphone - Good,"IDR2,848,333.33",United States,41 product ratings - Apple iPhone 8 Plus GSM Unlocked 64GB 128GB 256GB Smartphone - Good
Apple iPhone 8 Plus 64GB Factory Unlocked AT&T Verizon T-Mobile Unlocked,"IDR2,879,545.45 to IDR3,726,515.15",United States,9 product ratings - Apple iPhone 8 Plus 64GB Factory Unlocked AT&T Verizon T-Mobile Unlocked
New Apple iPhone SE 2022 64GB 128GB 256GB GSM CDMA Unlocked Smartphone New inBox,"IDR6,060,454.55 to IDR6,439,242.42",United States,no review
"Apple iPhone XS 64GB Fully Unlocked Smartphone (Gray, Gold, Silver) - Excellent ","IDR3,560,454.55",United States,"159 product ratings - Apple iPhone XS 64GB Fully Unlocked Smartphone (Gray, Gold, Silver) - Excellent "
Apple iPhone 13 Pro Max - 128gb - Factory Sealed - Factory Warranty - Unlocked!,"IDR16,363,484.85",United States,4 product ratings - Apple iPhone 13 Pro Max - 128gb - Factory Sealed - Factory Warranty - Unlocked!
Apple iPhone XR 64GB 128GB 256GB AT&T Sprint T-Mobile Unlocked Verizon Excellent,"IDR3,636,212.12 to IDR4,393,787.88",United States,77 product ratings - Apple iPhone XR 64GB 128GB 256GB AT&T Sprint T-Mobile Unlocked Verizon Excellent
Apple iPhone 11 - 64GB 128GB 256GB (FACTORY UNLOCKED) BLACK RED GREEN ‚ùñSEALED‚ùñ,"IDR7,105,303.03",United States,1 product rating - Apple iPhone 11 - 64GB 128GB 256GB (FACTORY UNLOCKED) BLACK RED GREEN ‚ùñSEALED‚ùñ
Apple iPhone 11 - 64GB 128GB 256GB (FACTORY UNLOCKED) BLACK RED GREEN ‚ùñSEALED‚ùñw,"IDR6,953,787.88 to IDR7,044,696.97",United States,17 product ratings - Apple iPhone 11 - 64GB 128GB 256GB (FACTORY UNLOCKED) BLACK RED GREEN ‚ùñSEALED‚ùñw
Apple iPhone 12 Pro Max 5G 128/256/512 - A2342 (Factory Unlocked) - VERY GOOD,"IDR11,348,484.85 to IDR12,560,606.06",United States,38 product ratings - Apple iPhone 12 Pro Max 5G 128/256/512 - A2342 (Factory Unlocked) - VERY GOOD
Apple iPhone 11 Pro Max A2161 (GSM + CDMA) - Factory Unlocked - EXCELLENT -,"IDR8,318,181.82",United States,3 product ratings - Apple iPhone 11 Pro Max A2161 (GSM + CDMA) - Factory Unlocked - EXCELLENT -
Apple iPhone 12 MINI Unlocked 64GB 128GB | Verizon T-Mobile AT&T | Very Good,"IDR6,439,090.91 to IDR8,030,000.00",United States,5 product ratings - Apple iPhone 12 MINI Unlocked 64GB 128GB | Verizon T-Mobile AT&T | Very Good
Apple iPhone 12 Unlocked 64GB 128GB 256GB | Verizon T-Mobile AT&T | Very Good,"IDR7,272,424.24 to IDR9,090,606.06",United States,1 product rating - Apple iPhone 12 Unlocked 64GB 128GB 256GB | Verizon T-Mobile AT&T | Very Good
Apple iPhone XR - 64GB 128GB 256GB - All Colors - Excellent Condition,"IDR3,621,212.12",United States,35 product ratings - Apple iPhone XR - 64GB 128GB 256GB - All Colors - Excellent Condition
Apple iPhone 12 - 64GB 128GB 256GB - All Colors - Excellent Condition,"IDR6,515,151.52 to IDR22,727,272.73",United States,3 product ratings - Apple iPhone 12 - 64GB 128GB 256GB - All Colors - Excellent Condition
Apple iPhone 11 PRO 64GB 256GB 512GB (UNLOCKED) ‚ö´üü¢üü† ‚úÖ1 YEAR WARRANTY‚úÖ‚ùñSEALED‚ùñ,"IDR8,165,909.09",United States,6 product ratings - Apple iPhone 11 PRO 64GB 256GB 512GB (UNLOCKED) ‚ö´üü¢üü† ‚úÖ1 YEAR WARRANTY‚úÖ‚ùñSEALED‚ùñ
Apple iPhone 12 64GB 128GB 256GB AT&T Sprint T-Mobile Unlocked Verizon Excellent,"IDR6,666,515.15 to IDR9,090,757.58",United States,no review
Apple iPhone 12 64GB / 128GB / 256GB (UNLOCKED) ‚úÖ1 YEAR WARRANTY‚úÖ ‚ö´‚ö™üî¥üîµ‚ú§SEALED‚ú§,"IDR8,620,454.55 to IDR10,408,333.33",United States,21 product ratings - Apple iPhone 12 64GB / 128GB / 256GB (UNLOCKED) ‚úÖ1 YEAR WARRANTY‚úÖ ‚ö´‚ö™üî¥üîµ‚ú§SEALED‚ú§
Apple iPhone 7 Plus GSM Factory Unlocked 4G LTE 32GB Smartphone - Very Good,"IDR2,166,515.15",United States,no review
Apple iPhone 11 Pro 64GB 256GB 512GB AT&T Sprint T-Mobile Unlocked Verizon Good,"IDR6,363,484.85",United States,16 product ratings - Apple iPhone 11 Pro 64GB 256GB 512GB AT&T Sprint T-Mobile Unlocked Verizon Good
Apple iPhone 7 - 32GB 128GB 256GB - All Colors - Good Condition,"IDR1,424,242.42 to IDR1,893,939.39",United States,no review
Apple iPhone 13 Pro 128/256/512GB/1TB AT&T Sprint TMobile Unlocked VZW Excellent,"IDR11,515,000.00 to IDR16,666,515.15",United States,no review
Apple iPhone 8 Plus - 64GB 128GB 256GB - All Colors - Very Good Condition,"IDR2,727,272.73 to IDR3,560,606.06",United States,8 product ratings - Apple iPhone 8 Plus - 64GB 128GB 256GB - All Colors - Very Good Condition
Apple iPhone XR - 64GB 128GB 256GB - All Colors - Very Good Condition,"IDR3,863,636.36",United States,15 product ratings - Apple iPhone XR - 64GB 128GB 256GB - All Colors - Very Good Condition
Apple iPhone X XS XR XS max iphone 10r - 64GB 128GB 256GB (Unlocked) GRADEs,"IDR3,711,166.67 to IDR5,229,371.21",United Kingdom,no review
Apple iPhone 11 64GB 128GB 256GB AT&T Sprint T-Mobile Unlocked Verizon Good,"IDR4,545,303.03 to IDR6,363,484.85",United States,1 product rating - Apple iPhone 11 64GB 128GB 256GB AT&T Sprint T-Mobile Unlocked Verizon Good
Apple iPhone XR - 64GB 128GB 256GB - All Colors - Good Condition,"IDR2,954,545.45 to IDR22,727,272.73",United States,7 product ratings - Apple iPhone XR - 64GB 128GB 256GB - All Colors - Good Condition
Apple iPhone XR 64GB 128GB 256GB AT&T Sprint T-Mobile Unlocked Verizon Good,"IDR3,636,212.12",United States,324 product ratings - Apple iPhone XR 64GB 128GB 256GB AT&T Sprint T-Mobile Unlocked Verizon Good
Apple iPhone 7 Plus GSM Factory Unlocked 4G LTE 32GB Smartphone - Good,"IDR1,893,787.88",United States,216 product ratings - Apple iPhone 7 Plus GSM Factory Unlocked 4G LTE 32GB Smartphone - Good
Apple iPhone 12 A2172 64/128/256GB AT&T T-Mobile Verizon Unlocked Brand New,"IDR8,333,181.82 to IDR9,090,757.58",United States,2 product ratings - Apple iPhone 12 A2172 64/128/256GB AT&T T-Mobile Verizon Unlocked Brand New
Apple iPhone 8 Plus GSM Unlocked 64GB 128GB 256GB Smartphone - Very Good,"IDR2,939,242.42",United States,7 product ratings - Apple iPhone 8 Plus GSM Unlocked 64GB 128GB 256GB Smartphone - Very Good
Apple iPhone XS MAX 64GB‚îÇ256GB‚îÇ512GB (FACTORY UNLOCKED) ‚úÖ1 YEAR WARNTY ‚úÖ‚ùñSEALED‚ùñ,"IDR6,347,727.27 to IDR7,559,848.48",United States,1 product rating - Apple iPhone XS MAX 64GB‚îÇ256GB‚îÇ512GB (FACTORY UNLOCKED) ‚úÖ1 YEAR WARNTY ‚úÖ‚ùñSEALED‚ùñ
Apple iPhone 13 MINI - 128GB 256GB (UNLOCKED)  ‚úÖAPPLE WARRANTY‚úÖ ‚ö´‚ö™üî¥üîµ ‚ú§SEALED‚ú§,"IDR9,999,242.42 to IDR11,211,363.64",United States,2 product ratings - Apple iPhone 13 MINI - 128GB 256GB (UNLOCKED)  ‚úÖAPPLE WARRANTY‚úÖ ‚ö´‚ö™üî¥üîµ ‚ú§SEALED‚ú§
Apple iPhone XR 64GB 128GB 256GB AT&T Sprint T-Mobile Unlocked Verizon Good,"IDR3,636,212.12",United States,324 product ratings - Apple iPhone XR 64GB 128GB 256GB AT&T Sprint T-Mobile Unlocked Verizon Good
Apple iPhone 12 Pro Max 128/256/512 AT&T Sprint T-Mobile Unlocked VZW Excellent,"IDR9,999,848.48 to IDR12,424,090.91",United States,14 product ratings - Apple iPhone 12 Pro Max 128/256/512 AT&T Sprint T-Mobile Unlocked VZW Excellent
Privacy Tempered Glass Screen Protector For iPhone 11 12 Pro Max 13 XR Cover,"IDR117,913.89",United Kingdom,no review
Apple iPhone 8 A1863 64GB AT&T or GSM Unlocked | GOOD 7.5-8.5/10 ISSUES ,"IDR984,090.91 to IDR1,150,757.58",United States,22 product ratings - Apple iPhone 8 A1863 64GB AT&T or GSM Unlocked | GOOD 7.5-8.5/10 ISSUES 
Ultra Slim Shockproof Case Cover For iPhone 14 11 12 13 PRO MAX Mini X XR XS 7 8,"IDR101,044.95 to IDR117,913.89",United Kingdom,no review
Apple iPhone 12 PRO 128GB ‚îÇ256GB‚îÇ512GB (UNLOCKED) ‚úÖ1 YEAR WARRANTY‚úÖ ‚ú§SEALED‚ú§,"IDR11,817,424.24 to IDR13,332,575.76",United States,no review
"Apple iPhone 11 - Unlocked - 64GB, 128GB, 256GB - All Colours - CA - Grade A","IDR4,527,134.24",Canada,"3 product ratings - Apple iPhone 11 - Unlocked - 64GB, 128GB, 256GB - All Colours - CA - Grade A"
Apple iPhone 11 Pro Max - Unlocked - 64GB / 256GB / 512GB - CA - Grade A,"IDR5,744,700.91",Canada,12 product ratings - Apple iPhone 11 Pro Max - Unlocked - 64GB / 256GB / 512GB - CA - Grade A
"Apple iPhone 11 Pro - Unlocked - 64GB, 256GB, 512GB - All Colours - CA - Grade A","IDR5,412,637.27",Canada,no review
"Apple iPhone 11 - Unlocked - 64GB, 128GB, 256GB - All Colours - CA - Grade B","IDR4,305,758.48 to IDR6,497,378.48",Canada,"21 product ratings - Apple iPhone 11 - Unlocked - 64GB, 128GB, 256GB - All Colours - CA - Grade B"
New Apple iPhone XS 64GB Factory Unlocked T-Mobile AT&T Verizon (GSM+CDMA),"IDR4,848,333.33 to IDR4,999,848.48",United States,2 product ratings - New Apple iPhone XS 64GB Factory Unlocked T-Mobile AT&T Verizon (GSM+CDMA)
Apple iPhone SE 32GB Factory 4G LTE Unlocked Smartphone All Colours Pristine,"IDR961,360.86",United Kingdom,21 product ratings - Apple iPhone SE 32GB Factory 4G LTE Unlocked Smartphone All Colours Pristine
Apple iPhone XS 64GB/256GB Manufacture Unlocked - Canadian Model - Grade B,"IDR3,209,948.48",Canada,no review
Apple iPhone XS Max - Unlocked - (CA) 64GB / 256GB / 512GB - Grade A,"IDR4,305,758.48 to IDR6,530,584.85",Canada,2 product ratings - Apple iPhone XS Max - Unlocked - (CA) 64GB / 256GB / 512GB - Grade A
New Apple iPhone 12 64GB Factory Unlocked T-Mobile AT&T Verizon Smartphone ,"IDR8,621,060.61",United States,1 product rating - New Apple iPhone 12 64GB Factory Unlocked T-Mobile AT&T Verizon Smartphone 
Apple iPhone XR 4G LTE  (Unlocked) ‚úî‚úîAll GB & Colors ‚úî BEST DEAL<< iPhone >>,"IDR5,246,605.45",Canada,15 product ratings - Apple iPhone XR 4G LTE  (Unlocked) ‚úî‚úîAll GB & Colors ‚úî BEST DEAL<< iPhone >>
Apple iPhone SE 2nd Gen 64/128/256 ATT Sprint TMobile Unlocked Verizon Excellent,"IDR2,499,848.48 to IDR3,181,666.67",United States,13 product ratings - Apple iPhone SE 2nd Gen 64/128/256 ATT Sprint TMobile Unlocked Verizon Excellent
Apple iPhone 13 Pro - 128/256/512GB 1TB - Unlocked Verizon - Excellent Condition,"IDR12,575,606.06 to IDR16,666,515.15",United States,3 product ratings - Apple iPhone 13 Pro - 128/256/512GB 1TB - Unlocked Verizon - Excellent Condition
Apple iPhone XR 64GB 128GB 256GB AT&T Sprint T-Mobile Unlocked Verizon Excellent,"IDR3,636,212.12 to IDR4,393,787.88",United States,125 product ratings - Apple iPhone XR 64GB 128GB 256GB AT&T Sprint T-Mobile Unlocked Verizon Excellent
Apple iPhone XS (64GB / 256GB) Space Gray / Gold (Unlocked) Best Offer !!!! <<,"IDR3,431,324.24",Canada,10 product ratings - Apple iPhone XS (64GB / 256GB) Space Gray / Gold (Unlocked) Best Offer !!!! <<
Apple iPhone 8 Plus - 64GB 128GB 256GB - Unlocked Verizon - Very Good Condition,"IDR3,257,424.24",United States,no review
"New Apple iPhone 14 Pro 6.1""120Hz Real Dual Sim Apple A16 48MP Phone ByFedEx","IDR21,969,242.42 to IDR36,059,696.97",Hong Kong,no review
New Apple iPhone XR 64GB Factory Unlocked AT&T T-Mobile Verizon Smartphone,"IDR5,075,606.06",United States,11 product ratings - New Apple iPhone XR 64GB Factory Unlocked AT&T T-Mobile Verizon Smartphone
Apple iPhone 13 Pro Max All Capacities ATT Sprint TMobile Unlocked VZW Very Good,"IDR11,363,484.85 to IDR16,666,515.15",United States,no review
Apple iPhone 13 Pro Max - 128gb - Factory Sealed - Factory Warranty - Unlocked!,"IDR16,363,636.36",India,4 product ratings - Apple iPhone 13 Pro Max - 128gb - Factory Sealed - Factory Warranty - Unlocked!
Apple iPhone 8 Plus 64GB | 256GB (GSM UNLOCKED) Gray ‚ïë Silver ‚ïë RED  ‚ùñSEALED‚ùñ(w),"IDR5,075,000.00 to IDR5,908,333.33",United States,2 product ratings - Apple iPhone 8 Plus 64GB | 256GB (GSM UNLOCKED) Gray ‚ïë Silver ‚ïë RED  ‚ùñSEALED‚ùñ(w)
Apple iPhone 8 Plus 64/128/256GB AT&T Sprint T-Mobile Unlocked Verizon Excellent,"IDR2,727,121.21 to IDR3,181,666.67",United States,18 product ratings - Apple iPhone 8 Plus 64/128/256GB AT&T Sprint T-Mobile Unlocked Verizon Excellent
Apple iPhone SE 2nd Gen Smartphone Boost - Brand New,"IDR2,712,121.21 to IDR3,015,151.52",United States,7 product ratings - Apple iPhone SE 2nd Gen Smartphone Boost - Brand New
Apple iPhone 8 64GB 128GB 256GB AT&T Sprint T-Mobile Unlocked Verizon Good,"IDR2,045,303.03 to IDR2,651,363.64",United States,6 product ratings - Apple iPhone 8 64GB 128GB 256GB AT&T Sprint T-Mobile Unlocked Verizon Good
Apple iPhone 13 Mini 128GB 256GB 512GB AT&T Sprint TMobile Unlocked Verizon Good,"IDR7,424,090.91 to IDR9,242,272.73",United States,no review
Apple iPhone 7 32GB/128GB 4G LTE iOS Smartphone (Factory Unlocked),"IDR1,393,787.88 to IDR2,424,090.91",United States,no review
Apple iPhone 7 Plus 32GB | 128GB | 256GB (UNLOCKED) ‚ö´Ô∏èBlack‚ö™Silverüî¥RED ‚ùñSEALED‚ùñ,"IDR3,938,636.36 to IDR4,544,696.97",United States,41 product ratings - Apple iPhone 7 Plus 32GB | 128GB | 256GB (UNLOCKED) ‚ö´Ô∏èBlack‚ö™Silverüî¥RED ‚ùñSEALED‚ùñ
Apple iPhone 8 Plus GSM Unlocked 64GB 128GB 256GB Smartphone - Excellent,"IDR3,484,696.97",United States,no review
Apple iPhone 12 Pro - 128GB 256GB 512GB - Unlocked Verizon - Good Condition,"IDR9,090,757.58 to IDR10,605,909.09",United States,6 product ratings - Apple iPhone 12 Pro - 128GB 256GB 512GB - Unlocked Verizon - Good Condition
Apple iPhone 7 32GB 128GB 256GB AT&T Sprint T-Mobile Unlocked Verizon Good,"IDR1,590,757.58 to IDR1,893,787.88",United States,84 product ratings - Apple iPhone 7 32GB 128GB 256GB AT&T Sprint T-Mobile Unlocked Verizon Good
Apple iPhone 12 Pro Max 128/256/512 AT&T Sprint T-Mobile Unlocked VZW Excellent,"IDR9,999,848.48 to IDR12,424,090.91",United States,2 product ratings - Apple iPhone 12 Pro Max 128/256/512 AT&T Sprint T-Mobile Unlocked VZW Excellent
Apple iPhone 11 - 64GB 128GB 256GB - Unlocked + Verizon - Good Condition,"IDR4,545,303.03 to IDR6,363,484.85",United States,no review
Apple iPhone 13 Pro Max All Capacities AT&T Sprint TMobile Unlocked Verizon Good,"IDR11,666,515.15 to IDR16,060,454.55",United States,no review
Apple iPhone 12 - 64GB 128GB 256GB - All Colors - Very Good Condition,"IDR6,166,666.67 to IDR22,727,272.73",United States,12 product ratings - Apple iPhone 12 - 64GB 128GB 256GB - All Colors - Very Good Condition
Apple iPhone 12 MINI 64GB‚îÇ 128GB‚îÇ256GB (UNLOCKED) ‚úÖAPPLE WARRANTY‚úÖ‚ö´‚ö™üî¥üîµ‚ú§SEALED‚ú§,"IDR7,984,090.91 to IDR8,771,969.70",United States,32 product ratings - Apple iPhone 12 MINI 64GB‚îÇ 128GB‚îÇ256GB (UNLOCKED) ‚úÖAPPLE WARRANTY‚úÖ‚ö´‚ö™üî¥üîµ‚ú§SEALED‚ú§
Apple iPhone 12 mini 64/128/256 AT&T Sprint T-Mobile Unlocked Verizon Excellent,"IDR6,060,454.55 to IDR7,575,606.06",United States,21 product ratings - Apple iPhone 12 mini 64/128/256 AT&T Sprint T-Mobile Unlocked Verizon Excellent
Apple iPhone XS 64GB/256GB/512GB AT&T Sprint T-Mobile Unlocked Verizon Very Good,"IDR3,333,181.82 to IDR4,545,303.03",United States,159 product ratings - Apple iPhone XS 64GB/256GB/512GB AT&T Sprint T-Mobile Unlocked Verizon Very Good
Apple iPhone 11 64GB 128GB 256GB AT&T Sprint T-Mobile Unlocked Verizon Very Good,"IDR5,151,363.64 to IDR6,515,000.00",United States,1 product rating - Apple iPhone 11 64GB 128GB 256GB AT&T Sprint T-Mobile Unlocked Verizon Very Good
Apple iPhone 11 - 64GB 128GB 256GB - All Colors - Excellent Condition,"IDR5,287,878.79",United States,19 product ratings - Apple iPhone 11 - 64GB 128GB 256GB - All Colors - Excellent Condition
Apple iPhone 8 64GB/256GB 4G LTE iOS Smartphone Unlocked,"IDR2,196,818.18",United States,no review
Apple iPhone 8 Plus - 64GB 128GB 256GB - Unlocked Verizon - Very Good Condition,"IDR3,257,424.24",United States,no review
Apple iPhone 11 Pro 64/256/512GB AT&T Sprint T-Mobile Unlocked Verizon Very Good,"IDR5,908,939.39 to IDR6,515,000.00",United States,10 product ratings - Apple iPhone 11 Pro 64/256/512GB AT&T Sprint T-Mobile Unlocked Verizon Very Good
Apple iPhone 8 Plus 64/128/256GB AT&T Sprint T-Mobile Unlocked Verizon Very Good,"IDR2,878,636.36 to IDR4,196,818.18",United States,76 product ratings - Apple iPhone 8 Plus 64/128/256GB AT&T Sprint T-Mobile Unlocked Verizon Very Good
Apple iPhone XR - 64GB 128GB 256GB - Unlocked Verizon - Excellent Condition ,"IDR3,939,242.42",United States,12 product ratings - Apple iPhone XR - 64GB 128GB 256GB - Unlocked Verizon - Excellent Condition 
Apple iPhone XS 64/256/512GB AT&T Sprint T-Mobile Unlocked Verizon Excellent,"IDR4,242,272.73",United States,94 product ratings - Apple iPhone XS 64/256/512GB AT&T Sprint T-Mobile Unlocked Verizon Excellent
"New Apple iPhone 14 Pro 6.1""120Hz Real Dual Sim Apple A16 48MP Phone ByFedEx","IDR21,969,242.42 to IDR36,059,696.97",Hong Kong,no review
Apple iPhone 7 32GB 128GB 256GB AT&T Sprint T-Mobile Unlocked Verizon Excellent,"IDR1,893,787.88 to IDR2,045,303.03",United States,44 product ratings - Apple iPhone 7 32GB 128GB 256GB AT&T Sprint T-Mobile Unlocked Verizon Excellent
Apple iPhone SE 2nd Gen - 64GB 128GB 256GB - All Colors - Excellent Condition,"IDR2,712,121.21",United States,113 product ratings - Apple iPhone SE 2nd Gen - 64GB 128GB 256GB - All Colors - Excellent Condition
Original Unlocked Apple iPhone 4S -8/16/32/64GB Black  iOS 9 3G WIFI Smartphone ,"IDR742,424.24 to IDR1,030,303.03",China,2 product ratings - Original Unlocked Apple iPhone 4S -8/16/32/64GB Black  iOS 9 3G WIFI Smartphone 
Apple iPhone 11 Pro Max 64/256/512 ATT Sprint TMobile Unlocked Verizon Excellent,"IDR8,939,242.42 to IDR10,151,363.64",United States,1 product rating - Apple iPhone 11 Pro Max 64/256/512 ATT Sprint TMobile Unlocked Verizon Excellent
Apple iPhone 6S 16/32/64/128GB AT&T Sprint T-Mobile Unlocked Verizon Very Good,"IDR1,136,212.12 to IDR1,287,727.27",United States,1 product rating - Apple iPhone 6S 16/32/64/128GB AT&T Sprint T-Mobile Unlocked Verizon Very Good
Apple iPhone SE 1st Gen 16GB 32GB 64GB 128GB Smartphone Unlocked - Very Good,"IDR1,166,515.15 to IDR1,469,545.45",United States,23 product ratings - Apple iPhone SE 1st Gen 16GB 32GB 64GB 128GB Smartphone Unlocked - Very Good
Apple iPhone 7 Plus - 32GB 128GB 256GB - All Colors - Very Good Condition,"IDR2,121,212.12 to IDR22,727,272.73",United States,203 product ratings - Apple iPhone 7 Plus - 32GB 128GB 256GB - All Colors - Very Good Condition
Apple iPhone 13 128GB 256GB 512GB AT&T Sprint TMobile Unlocked Verizon Very Good,"IDR10,454,393.94 to IDR11,666,515.15",United States,no review
Apple iPhone 12 Pro - 128GB 256GB 512GB - Unlocked Verizon - Good Condition,"IDR9,090,757.58 to IDR10,605,909.09",United States,4 product ratings - Apple iPhone 12 Pro - 128GB 256GB 512GB - Unlocked Verizon - Good Condition
Apple iPhone 8 - 64GB 128GB 256GB - Unlocked + Verizon - Good Condition,"IDR2,121,060.61 to IDR2,651,363.64",United States,12 product ratings - Apple iPhone 8 - 64GB 128GB 256GB - Unlocked + Verizon - Good Condition
Apple iPhone 8 Plus 64/128/256GB AT&T Sprint T-Mobile Unlocked Verizon Excellent,"IDR2,727,121.21 to IDR3,181,666.67",United States,18 product ratings - Apple iPhone 8 Plus 64/128/256GB AT&T Sprint T-Mobile Unlocked Verizon Excellent
Apple iPhone 13 Pro - 256gb - Factory Sealed - Factory Warranty - UNLOCKED!,"IDR16,363,636.36",India,2 product ratings - Apple iPhone 13 Pro - 256gb - Factory Sealed - Factory Warranty - UNLOCKED!
Apple iPhone 12 Pro - 128/256/512GB - Unlocked Verizon - Excellent Condition,"IDR9,999,848.48 to IDR11,818,030.30",United States,8 product ratings - Apple iPhone 12 Pro - 128/256/512GB - Unlocked Verizon - Excellent Condition
New Sealed Apple iPhone XR 64/128GB  Factory Unlocked AU STOCK ,"IDR4,648,840.15 to IDR5,134,105.30",Australia,no review
Apple iPhone 8 Plus 64/128/256GB AT&T Sprint T-Mobile Unlocked Verizon Very Good,"IDR2,878,636.36 to IDR4,196,818.18",United States,76 product ratings - Apple iPhone 8 Plus 64/128/256GB AT&T Sprint T-Mobile Unlocked Verizon Very Good
Apple iPhone 11 - 64GB 128GB 256GB - Unlocked + Verizon - Excellent Condition,"IDR5,605,909.09 to IDR7,424,090.91",United States,37 product ratings - Apple iPhone 11 - 64GB 128GB 256GB - Unlocked + Verizon - Excellent Condition
Apple iPhone 13 Mini 128/256/512GB ATT Sprint TMobile Unlocked Verizon Very Good,"IDR7,424,090.91",United States,no review
Apple iPhone SE 1st Gen 16GB 32GB 64GB 128GB Smartphone Unlocked - Excellent,"IDR1,318,030.30",United States,44 product ratings - Apple iPhone SE 1st Gen 16GB 32GB 64GB 128GB Smartphone Unlocked - Excellent
Apple iPhone XS - 64GB 256GB 512GB - Unlocked Verizon - Very Good Condition,"IDR4,090,757.58 to IDR4,545,303.03",United States,53 product ratings - Apple iPhone XS - 64GB 256GB 512GB - Unlocked Verizon - Very Good Condition
Apple - iPhone 14 Pro -1TB - Factory Sealed - Factory Warranty - UNLOCKED!,"IDR28,015,151.52",United States,no review
Apple iPhone 13 Mini 128/256/512GB ATT Sprint TMobile Unlocked Verizon Excellent,"IDR11,211,969.70",United States,1 product rating - Apple iPhone 13 Mini 128/256/512GB ATT Sprint TMobile Unlocked Verizon Excellent
Apple iPhone 8 64GB 128GB 256GB Space Gray Silver Gold Red (Unlocked) - Good,"IDR2,045,303.03 to IDR2,424,090.91",United States,230 product ratings - Apple iPhone 8 64GB 128GB 256GB Space Gray Silver Gold Red (Unlocked) - Good
Apple iPhone 13 - 128GB 256GB 512GB - All Colors - Very Good Condition,"IDR10,075,757.58",United States,2 product ratings - Apple iPhone 13 - 128GB 256GB 512GB - All Colors - Very Good Condition
Apple iPhone SE 2nd Gen 64GB 128GB 256GB (FACTORY UNLOCKED) ‚úÖAPPLE WARNTY‚úÖSEALED,"IDR4,681,060.61",United States,39 product ratings - Apple iPhone SE 2nd Gen 64GB 128GB 256GB (FACTORY UNLOCKED) ‚úÖAPPLE WARNTY‚úÖSEALED
Apple iPhone SE 2nd Gen 2020 64GB | Factory Unlocked | All Colors | Excellent,"IDR2,954,393.94",United States,no review
Apple iPhone SE 16/32/64/128GB AT&T Sprint T-Mobile Unlocked Verizon Excellent,"IDR1,363,484.85",United States,341 product ratings - Apple iPhone SE 16/32/64/128GB AT&T Sprint T-Mobile Unlocked Verizon Excellent
Apple iPhone 11 Pro - 64GB 256GB 512GB - All Colors - Very Good Condition,"IDR6,166,666.67 to IDR22,727,272.73",United States,16 product ratings - Apple iPhone 11 Pro - 64GB 256GB 512GB - All Colors - Very Good Condition
Apple iPhone XR - 64GB 128GB 256GB - Unlocked Verizon - Good Condition,"IDR3,636,212.12",United States,12 product ratings - Apple iPhone XR - 64GB 128GB 256GB - Unlocked Verizon - Good Condition
Apple iPhone 12 Pro Max - 128/256/512GB - Unlocked Verizon - Excellent Condition,"IDR11,666,515.15 to IDR12,424,090.91",United States,2 product ratings - Apple iPhone 12 Pro Max - 128/256/512GB - Unlocked Verizon - Excellent Condition
Apple iPhone 12 Pro 128GB | Factory Unlocked | All Colors | Very Good,"IDR9,090,757.58",United States,28 product ratings - Apple iPhone 12 Pro 128GB | Factory Unlocked | All Colors | Very Good
Apple iPhone 13 Pro - 128GB 256GB 512GB 1TB - All Colors - Good Condition,"IDR10,833,333.33 to IDR22,727,272.73",United States,3 product ratings - Apple iPhone 13 Pro - 128GB 256GB 512GB 1TB - All Colors - Good Condition
Apple iPhone 8 - 64GB 128GB 256GB - Unlocked + Verizon - Very Good Condition,"IDR2,348,333.33 to IDR3,105,909.09",United States,no review
Apple iPhone 12 Pro Max - 128/256/512GB - Unlocked Verizon - Good Condition,"IDR10,302,878.79 to IDR11,818,030.30",United States,11 product ratings - Apple iPhone 12 Pro Max - 128/256/512GB - Unlocked Verizon - Good Condition
Apple iPhone 13 Pro Max - 128GB 256GB 512GB - All Colors - Excellent Condition,"IDR13,621,212.12 to IDR19,984,848.48",United States,11 product ratings - Apple iPhone 13 Pro Max - 128GB 256GB 512GB - All Colors - Excellent Condition
Apple iPhone 12 mini 64/128/256GB ATT Sprint T-Mobile Unlocked Verizon Very Good,"IDR5,757,424.24",United States,32 product ratings - Apple iPhone 12 mini 64/128/256GB ATT Sprint T-Mobile Unlocked Verizon Very Good
Apple iPhone 11 64GB A2111 6.1 in Tracfone T-Mobile Cricket 4GB RAM Smartphone,"IDR4,999,848.48",United States,no review
 Apple iPhone 11 Pro Max 64GB GSM CDMA Unlocked AT&T T-Mobile Metro PCS Verizon,"IDR9,545,303.03",United States,no review
Apple iPhone 13 Pro Max - 128/256/512GB 1TB - Unlocked Verizon - Excellent,"IDR14,696,818.18 to IDR17,575,606.06",United States,7 product ratings - Apple iPhone 13 Pro Max - 128/256/512GB 1TB - Unlocked Verizon - Excellent
Apple iPhone SE (2nd Gen - 2020) All Colors - All Carriers -EXCELLENT Condition,"IDR3,256,818.18 to IDR3,711,363.64",United States,10 product ratings - Apple iPhone SE (2nd Gen - 2020) All Colors - All Carriers -EXCELLENT Condition
Apple iPhone 7 Plus 32/128/256GB AT&T Sprint T-Mobile Unlocked Verizon Excellent,"IDR1,969,545.45",United States,88 product ratings - Apple iPhone 7 Plus 32/128/256GB AT&T Sprint T-Mobile Unlocked Verizon Excellent
Apple iPhone 13 Pro - 128GB 256GB 512GB 1TB - All Colors - Very Good Condition,"IDR12,803,030.30 to IDR19,318,181.82",United States,no review
Apple iPhone XS Max - 64GB 256GB 512GB - Unlocked Verizon - Good Condition,"IDR4,999,848.48 to IDR5,454,393.94",United States,1 product rating - Apple iPhone XS Max - 64GB 256GB 512GB - Unlocked Verizon - Good Condition
Apple iPhone 7 Plus 32GB 128GB 256GB AT&T Sprint T-Mobile Unlocked Verizon Good,"IDR1,818,030.30 to IDR2,878,636.36",United States,28 product ratings - Apple iPhone 7 Plus 32GB 128GB 256GB AT&T Sprint T-Mobile Unlocked Verizon Good
Openbox Apple iPhone XR 128GB GSM Unlocked AT&T T-Mobile Metro PCS Worldwide 4G,"IDR5,454,393.94",United States,5 product ratings - Openbox Apple iPhone XR 128GB GSM Unlocked AT&T T-Mobile Metro PCS Worldwide 4G
Apple iPhone 12 - 64GB - (UNLOCKED)  - ‚úÖ APPLE WARRANTY ‚úÖ -  ‚ö´‚ö™üî¥üîµ ‚ú§NEW SEALED‚ú§,"IDR8,635,454.55",United States,21 product ratings - Apple iPhone 12 - 64GB - (UNLOCKED)  - ‚úÖ APPLE WARRANTY ‚úÖ -  ‚ö´‚ö™üî¥üîµ ‚ú§NEW SEALED‚ú§
Apple iPhone X - 64GB 256GB - Unlocked Verizon - Excellent Condition,"IDR4,393,787.88 to IDR4,999,848.48",United States,5 product ratings - Apple iPhone X - 64GB 256GB - Unlocked Verizon - Excellent Condition
Apple iPhone 11 - 64GB 128GB 256GB - Unlocked Smartphone GRADEs,"IDR4,554,613.64 to IDR5,313,715.91",United Kingdom,2 product ratings - Apple iPhone 11 - 64GB 128GB 256GB - Unlocked Smartphone GRADEs
Apple iPhone 11 - 64GB 128GB 256GB - Unlocked + Verizon - Very Good Condition,"IDR5,757,424.24 to IDR6,515,000.00",United States,no review
Apple iPhone 13 Mini - 128/256/512GB - Unlocked Verizon - Excellent Condition,"IDR11,211,969.70",United States,no review
Apple iPhone 12 Pro Max - 128/256/512GB - Unlocked Verizon - Very Good Condition,"IDR11,211,969.70 to IDR11,969,545.45",United States,12 product ratings - Apple iPhone 12 Pro Max - 128/256/512GB - Unlocked Verizon - Very Good Condition
Apple iPhone SE 2022 5G 3rd Gen - 1 Year Warranty - GSM üîì Unlocked  BLK RED WHT,"IDR5,295,454.55 to IDR5,750,000.00",United States,no review
Apple iPhone 12 Mini - 64GB 128GB 256GB - Unlocked Verizon - Excellent Condition,"IDR6,060,454.55 to IDR7,575,606.06",United States,no review
Apple iPhone 11 Pro Max - 64GB 256GB 512GB - Unlocked Verizon - Good Condition,"IDR7,575,606.06 to IDR7,727,121.21",United States,2 product ratings - Apple iPhone 11 Pro Max - 64GB 256GB 512GB - Unlocked Verizon - Good Condition
Apple iPhone 6S Plus 16/32/64/128GB AT&T Sprint T-Mobile Unlocked Verizon Good,"IDR1,363,484.85 to IDR1,666,515.15",United States,100 product ratings - Apple iPhone 6S Plus 16/32/64/128GB AT&T Sprint T-Mobile Unlocked Verizon Good
New Unlocked Apple iPhone 5S 16 32 64GB Silver Black Gold Smart phone Model,"IDR1,500,000.00 to IDR1,818,181.82",China,no review
Apple iPhone 6s Mobile GSM Factory Unlocked 128GB Smartphone - Very Good,"IDR1,590,757.58",United States,118 product ratings - Apple iPhone 6s Mobile GSM Factory Unlocked 128GB Smartphone - Very Good
Apple iPhone XS - 64GB 256GB 512GB - Unlocked Verizon - Good Condition,"IDR3,787,727.27 to IDR4,090,757.58",United States,159 product ratings - Apple iPhone XS - 64GB 256GB 512GB - Unlocked Verizon - Good Condition
Apple iPhone 6 GSM Factory Unlocked 16GB 32GB 64GB 128GB Smartphone - Very Good,"IDR1,030,151.52",United States,11 product ratings - Apple iPhone 6 GSM Factory Unlocked 16GB 32GB 64GB 128GB Smartphone - Very Good
Apple iPhone 13 - 128GB - All colors - (T-Mobile Sprint) - C Stock,"IDR8,787,727.27",United States,4 product ratings - Apple iPhone 13 - 128GB - All colors - (T-Mobile Sprint) - C Stock
Apple iPhone 8 GSM Unlocked 64GB 128GB 256GB Smartphone - Very Good,"IDR2,121,060.61",United States,41 product ratings - Apple iPhone 8 GSM Unlocked 64GB 128GB 256GB Smartphone - Very Good
Apple iPhone 13 Pro Max - 128/256/512GB 1TB - Unlocked Verizon - Good Condition,"IDR13,484,696.97 to IDR16,060,454.55",United States,19 product ratings - Apple iPhone 13 Pro Max - 128/256/512GB 1TB - Unlocked Verizon - Good Condition
Apple iPhone 11 Pro Unlocked 64GB 256GB 512GB Verizon AT&T T-Mobile | Excellent,"IDR8,333,030.30 to IDR9,772,424.24",United States,17 product ratings - Apple iPhone 11 Pro Unlocked 64GB 256GB 512GB Verizon AT&T T-Mobile | Excellent
Apple iPhone 6S - 16GB 32GB 64GB 128GB - Unlocked Verizon - Very Good Condition,"IDR1,136,212.12 to IDR1,287,727.27",United States,178 product ratings - Apple iPhone 6S - 16GB 32GB 64GB 128GB - Unlocked Verizon - Very Good Condition
Apple iPhone 7 Plus - 32GB 128GB 256GB - Unlocked Verizon - Good Condition,"IDR2,878,636.36",United States,112 product ratings - Apple iPhone 7 Plus - 32GB 128GB 256GB - Unlocked Verizon - Good Condition
Apple iPhone 8 - 64GB 128GB 256GB - Unlocked + Verizon - Excellent Condition,"IDR2,499,848.48 to IDR3,408,939.39",United States,9 product ratings - Apple iPhone 8 - 64GB 128GB 256GB - Unlocked + Verizon - Excellent Condition
Apple iPhone 6s - 16GB/32GB - Gray/Gold/Silver - Unlocked A1633,"IDR1,015,151.52 to IDR1,166,666.67",United States,12 product ratings - Apple iPhone 6s - 16GB/32GB - Gray/Gold/Silver - Unlocked A1633
Apple iPhone XS - 64GB 256GB 512GB - Unlocked Verizon - Excellent Condition,"IDR4,242,272.73",United States,159 product ratings - Apple iPhone XS - 64GB 256GB 512GB - Unlocked Verizon - Excellent Condition
Good Condition Apple iPhone 5c - 8/16/32GB - All Colors - UNLOCKED,"IDR454,545.45 to IDR636,363.64",United States,12 product ratings - Good Condition Apple iPhone 5c - 8/16/32GB - All Colors - UNLOCKED
Apple iPhone 7 Plus 32GB Verizon GSM Unlocked T-Mobile AT&T LTE - Good Condition,"IDR1,969,242.42",United States,no review
Apple iPhone 11 Pro - 64GB 256GB 512GB - Unlocked Smartphone Colours GRADEs,"IDR6,241,507.58 to IDR6,916,265.15",United Kingdom,10 product ratings - Apple iPhone 11 Pro - 64GB 256GB 512GB - Unlocked Smartphone Colours GRADEs
Fully Functional Apple iPhone 6 - 16GB/64GB - Gold/Gray/Silver - UNLOCKED A1549,"IDR863,636.36 to IDR1,045,454.55",United States,no review
"Apple iPhone 8 64GB UNLOCKED or AT&T | A1863 | 4.7"" | GOOD 7.5-8.5/10","IDR1,665,909.09 to IDR1,802,272.73",United States,"22 product ratings - Apple iPhone 8 64GB UNLOCKED or AT&T | A1863 | 4.7"" | GOOD 7.5-8.5/10"
Apple iPhone SE - 16GB 32GB 64GB 128GB - Unlocked  Verizon - Excellent Condition,"IDR1,363,484.85",United States,341 product ratings - Apple iPhone SE - 16GB 32GB 64GB 128GB - Unlocked  Verizon - Excellent Condition
Apple iPhone 13 Pro - 128/256/512GB 1TB - Unlocked Verizon - Good Condition,"IDR11,969,545.45 to IDR13,939,242.42",United States,5 product ratings - Apple iPhone 13 Pro - 128/256/512GB 1TB - Unlocked Verizon - Good Condition
Good Condition Apple iPhone 5 - 16/32/64GB - Black/White - UNLOCKED,"IDR439,393.94 to IDR590,909.09",United States,2 product ratings - Good Condition Apple iPhone 5 - 16/32/64GB - Black/White - UNLOCKED
Apple iPhone 6s Plus 16GB Verizon GSM Unlocked T-Mobile AT&T Excellent Condition,"IDR1,666,212.12",United States,5 product ratings - Apple iPhone 6s Plus 16GB Verizon GSM Unlocked T-Mobile AT&T Excellent Condition
Apple iPhone 7 Plus 128GB Verizon GSM Unlocked T-Mobile AT&T LTE Good Condition,"IDR2,423,787.88",United States,no review
Apple iPhone 11 - 64GB - All Colors - Fully Unlocked - Very Good Condition ,"IDR5,681,818.18",United States,14 product ratings - Apple iPhone 11 - 64GB - All Colors - Fully Unlocked - Very Good Condition 
Apple iPhone 7 Plus 256GB Verizon GSM Unlocked T-Mobile AT&T - Very Good,"IDR2,726,818.18",United States,no review
Apple iPhone 11 Pro Max 512GB Verizon GSM Unlocked T-Mobile AT&T LTE - Excellent,"IDR9,393,484.85",United States,no review
Apple iPhone XR 256GB Verizon GSM Unlocked T-Mobile AT&T LTE Very Good Condition,"IDR4,393,484.85",United States,3 product ratings - Apple iPhone XR 256GB Verizon GSM Unlocked T-Mobile AT&T LTE Very Good Condition
Apple iPhone 12 mini 256GB Verizon GSM Unlocked T-Mobile AT&T Smartphone - Good,"IDR6,514,696.97",United States,no review
"Apple iPhone 11 - 128GB 64GB - GSM+CDMA Factory Unlocked ""Excellent' ","IDR3,681,818.18 to IDR6,090,909.09",United States,"8 product ratings - Apple iPhone 11 - 128GB 64GB - GSM+CDMA Factory Unlocked ""Excellent' "
Apple iPhone 8 64GB (Unlocked) - Pristine Condition - 1 Year Warranty,"IDR2,530,172.23",United Kingdom,329 product ratings - Apple iPhone 8 64GB (Unlocked) - Pristine Condition - 1 Year Warranty
Apple iPhone 11 Pro Max - Unlocked - 64GB / 256GB / 512GB - CA - Grade A,"IDR5,744,700.91",Canada,12 product ratings - Apple iPhone 11 Pro Max - Unlocked - 64GB / 256GB / 512GB - CA - Grade A
Apple iPhone 11 - 64GB - All Colors - Fully Unlocked - Good Condition,"IDR5,605,909.09",United States,3 product ratings - Apple iPhone 11 - 64GB - All Colors - Fully Unlocked - Good Condition
"Apple iPhone 11 Pro - Unlocked - 64GB, 256GB, 512GB - All Colours - CA - Grade A","IDR5,412,637.27",Canada,"16 product ratings - Apple iPhone 11 Pro - Unlocked - 64GB, 256GB, 512GB - All Colours - CA - Grade A"
"Apple iPhone 11 - Unlocked - 64GB, 128GB, 256GB - All Colours - CA - Grade A","IDR4,527,134.24",Canada,"3 product ratings - Apple iPhone 11 - Unlocked - 64GB, 128GB, 256GB - All Colours - CA - Grade A"
iPhone 11 - All Colours - GRADE C - Standard Condition - (Renewed),"IDR4,200,365.91 to IDR5,043,812.88",United Kingdom,6 product ratings - iPhone 11 - All Colours - GRADE C - Standard Condition - (Renewed)
New Factory Unlocked Apple iPhone 8 64/256 GB Colours Smartphone Free Express,"IDR2,901,885.61 to IDR3,445,382.58",Australia,no review
Apple iPhone SE 2020 64GB 128GB 2nd Gen Unlocked Grade A+ Pristine Condition,"IDR3,287,587.61 to IDR3,709,311.09",United Kingdom,1 product rating - Apple iPhone SE 2020 64GB 128GB 2nd Gen Unlocked Grade A+ Pristine Condition
Apple iPhone 8 64GB 4G LTE iOS Smartphone Sim Free Pristine A+ Grade All Colours,"IDR2,783,206.32",United Kingdom,40 product ratings - Apple iPhone 8 64GB 4G LTE iOS Smartphone Sim Free Pristine A+ Grade All Colours
New Unlocked Apple iPhone X 10 64GB 256GB Black White Au Seller FREE EXPRESS ,"IDR4,745,893.18",Australia,no review
Apple iPhone 12 Pro Max - 128GB 256GB 512GB - Unlocked - Excellent A+ Condition,"IDR11,133,331.32 to IDR11,976,778.29",United Kingdom,70 product ratings - Apple iPhone 12 Pro Max - 128GB 256GB 512GB - Unlocked - Excellent A+ Condition
New Factory Unlocked Apple iPhone 8 64/256 GB Colours Smartphone Free Express,"IDR2,901,885.61 to IDR3,445,382.58",Australia,no review
Apple iPhone 6s Plus 64GB GSM Unlocked AT&T T-Mobile Very Good Condition ,"IDR1,848,484.85 to IDR2,242,424.24",United States,3 product ratings - Apple iPhone 6s Plus 64GB GSM Unlocked AT&T T-Mobile Very Good Condition 
Apple iPhone 6 64GB 128GB Gray Gold Silver Factory Unlocked GSM + CDMA Verizon,"IDR757,575.76 to IDR2,045,454.55",United States,no review
For iPhone 14 Pro XR 13 Pro Max Clear Case + Magnetic Circle Shockproof Cover,"IDR151,651.77",United Kingdom,no review
Apple iPhone XS Max 64GB 256GB 512GB  Unlocked  All Colours - Good Condition,"IDR5,059,838.38 to IDR10,457,898.98",United Kingdom,4 product ratings - Apple iPhone XS Max 64GB 256GB 512GB  Unlocked  All Colours - Good Condition
Apple iPhone 11 64GB 128GB 256GB - Unlocked Smartphone - Excellent - Grade A ,"IDR5,903,960.11 to IDR7,422,164.65",United Kingdom,no review
Case For iPhone 11 12 13 PRO MAX Mini X XR Soft Shockproof Full Protective Cover,"IDR50,438.14",United Kingdom,no review
iPhone SE 2nd Gen - 64GB - All Colors - (TracFone) - A Very Good,"IDR2,424,090.91",United States,2 product ratings - iPhone SE 2nd Gen - 64GB - All Colors - (TracFone) - A Very Good
Apple iPhone 8 Plus - Unlocked All Colours - Good Condition,"IDR2,866,876.26 to IDR3,710,323.23",United Kingdom,79 product ratings - Apple iPhone 8 Plus - Unlocked All Colours - Good Condition
Apple iPhone 5S (A1533) -16GB /32GB /64Gb (GSM Unlocked) Smartphone 2B2,"IDR757,424.24",United States,21 product ratings - Apple iPhone 5S (A1533) -16GB /32GB /64Gb (GSM Unlocked) Smartphone 2B2
Apple iPhone 11 A2111 64GB for Cricket / AT&T - GOOD Condition * HOT SALE * üî•--,"IDR4,984,848.48",United States,3 product ratings - Apple iPhone 11 A2111 64GB for Cricket / AT&T - GOOD Condition * HOT SALE * üî•--
Apple iPhone 6 Plus 64GB Original Unlocked 4G LTE Gray Silver Golden - iOS,"IDR2,474,848.48",China,no review
Apple iPhone 7 - 32GB 128GB 256GB - Unlocked + Verizon - Very Good Condition,"IDR1,893,787.88 to IDR2,045,303.03",United States,1 product rating - Apple iPhone 7 - 32GB 128GB 256GB - Unlocked + Verizon - Very Good Condition
Apple iPhone 11 64GB 128GB 256GB - Unlocked Smartphone - Excellent - Grade A ,"IDR5,903,960.11 to IDR7,422,164.65",United Kingdom,79 product ratings - Apple iPhone 11 64GB 128GB 256GB - Unlocked Smartphone - Excellent - Grade A 
Apple iPhone 11 - 64GB - Purple (Unlocked) A2111 (CDMA + GSM),"IDR3,742,424.24 to IDR5,636,363.64",United States,24 product ratings - Apple iPhone 11 - 64GB - Purple (Unlocked) A2111 (CDMA + GSM)
New Apple iPhone XR Factory Unlocked AU SELLER AU STOCK ,"IDR4,658,448.41 to IDR5,201,945.38",Australia,no review
Apple iPhone 11 Pro 64GB No Face ID - Unlocked -GOOD CONDITION,"IDR4,848,333.33",United States,no review
Apple iPhone SE 2020 64GB 128GB 2nd Gen Unlocked Grade A+ Pristine Condition,"IDR3,287,587.61 to IDR3,709,311.09",United Kingdom,1 product rating - Apple iPhone SE 2020 64GB 128GB 2nd Gen Unlocked Grade A+ Pristine Condition
New Factory Unlocked Apple iPhone 8 Plus+ 64/256GB Smartphone Au Seller ,"IDR3,872,415.91 to IDR4,561,395.38",Australia,no review
Apple iPhone 8 Plus - 64GB 128GB 256GB - Unlocked - Excellent A+ Condition - UK,"IDR3,204,929.80",United Kingdom,5 product ratings - Apple iPhone 8 Plus - 64GB 128GB 256GB - Unlocked - Excellent A+ Condition - UK
Apple iPhone 11 Pro - 64GB 256GB 512GB - Unlocked - Excellent A+ Condition - UK,"IDR6,241,338.89",United Kingdom,no review
Apple iphone 7/7 plus 32GB/128GB Black Gold Unlocked Verizon at&t Smartphone,"IDR1,272,727.27 to IDR3,287,878.79",United States,14 product ratings - Apple iphone 7/7 plus 32GB/128GB Black Gold Unlocked Verizon at&t Smartphone
Apple iPhone SE 16GB 32GB 64GB 128GB 4G Unlocked iOS Smartphone Grade Pristine,"IDR927,622.98 to IDR1,518,035.86",United Kingdom,no review
Apple iPhone 7 32GB 64GB 128GB 256GB 4G LTE 4.7 Verizon Unlocked T-Mobile AT&T,"IDR1,211,969.70 to IDR1,818,030.30",United States,1 product rating - Apple iPhone 7 32GB 64GB 128GB 256GB 4G LTE 4.7 Verizon Unlocked T-Mobile AT&T
Apple iPhone 8 64GB/256GB - All Colours - Good Condition,"IDR2,125,461.36 to IDR2,406,915.15",Australia,no review
New Sealed Box Apple iPhone 8 Plus+ 64/256GB  Factory Unlocked FREE EXPRESS,"IDR4,396,502.27 to IDR4,415,912.88",Australia,no review
Apple iPhone XS 64GB 256GB 512GB - Unlocked All Colours - Good Condition,"IDR4,216,391.41",United Kingdom,4 product ratings - Apple iPhone XS 64GB 256GB 512GB - Unlocked All Colours - Good Condition
Apple iPhone 11 - 64GB - All Colors - Fully Unlocked - Excellent Condition,"IDR6,060,454.55",United States,19 product ratings - Apple iPhone 11 - 64GB - All Colors - Fully Unlocked - Excellent Condition
Apple iPhone XS Max - Unlocked - (CA) 64GB / 256GB / 512GB - Grade A,"IDR4,305,758.48 to IDR6,530,584.85",Canada,1 product rating - Apple iPhone XS Max - Unlocked - (CA) 64GB / 256GB / 512GB - Grade A
Apple iPhone 11 - 64GB 128GB 256GB - Unlocked - Good Condition UK Stock,"IDR5,397,891.92",United Kingdom,1 product rating - Apple iPhone 11 - 64GB 128GB 256GB - Unlocked - Good Condition UK Stock
Apple iPhone 11 Pro 64GB 256GB 512GB Unlocked All Colours Good Condition,"IDR5,734,595.95 to IDR6,915,421.71",United Kingdom,86 product ratings - Apple iPhone 11 Pro 64GB 256GB 512GB Unlocked All Colours Good Condition
Apple iPhone 7 32GB Unlocked Excellent Black/White Smartphone,"IDR1,640,196.21",Australia,no review
Apple iPhone XR Factory Unlocked Worldwide GSM/ CDMA Verizon T-Mobile AT&T ,"IDR3,708,636.36 to IDR3,935,909.09",United States,11 product ratings - Apple iPhone XR Factory Unlocked Worldwide GSM/ CDMA Verizon T-Mobile AT&T 
Apple iPhone X (iPhone 10) 64GB 256GB Silver Space Grey Unlocked Sim Very Good,"IDR2,850,682.08",United Kingdom,no review
Apple iPhone XS 64GB/256GB Manufacture Unlocked - Canadian Model - Grade A,"IDR5,423,706.06",Canada,2 product ratings - Apple iPhone XS 64GB/256GB Manufacture Unlocked - Canadian Model - Grade A
New Apple iPhone XR 64GB 128GB  Factory Unlocked AU SELLER FREE EXPRESS,"IDR4,745,893.18 to IDR5,619,370.45",Australia,no review
Apple iPhone 8 64GB 256GB Unlocked  ATT T-Mobile  Verizon  Good Condition,"IDR1,727,272.73 to IDR2,560,606.06",United States,10 product ratings - Apple iPhone 8 64GB 256GB Unlocked  ATT T-Mobile  Verizon  Good Condition
Apple iPhone 11 64GB Factory Unlocked 4G LTE Smartphone - Good,"IDR3,606,060.61 to IDR6,030,303.03",United States,3 product ratings - Apple iPhone 11 64GB Factory Unlocked 4G LTE Smartphone - Good
Apple iPhone 8 Plus - Unlocked All Colours - Good Condition,"IDR2,866,876.26 to IDR3,710,323.23",United Kingdom,79 product ratings - Apple iPhone 8 Plus - Unlocked All Colours - Good Condition
Apple iPhone 12 64GB 128GB 256GB Unlocked All Colours Good Condition,"IDR6,578,042.92 to IDR7,590,179.29",United Kingdom,55 product ratings - Apple iPhone 12 64GB 128GB 256GB Unlocked All Colours Good Condition
New Apple iPhone XR 64GB 128GB  Factory Unlocked AU SELLER FREE EXPRESS,"IDR4,745,893.18 to IDR5,619,370.45",Australia,no review
Case For iPhone 11 Pro Max 14Pro 8 7  SE 2022  Shockproof Silicone Cover colours,"IDR67,307.08",United Kingdom,no review
Apple iPhone Xs Max - 64GB 128GB 256GB - Unlocked - Excellent A+ Condition - UK,"IDR4,891,823.74",United Kingdom,no review
iPhone 11 Pro Max - All Colours - GRADE A - Excellent Condition - (Renewed),"IDR7,327,867.27 to IDR8,516,284.06",United Kingdom,10 product ratings - iPhone 11 Pro Max - All Colours - GRADE A - Excellent Condition - (Renewed)
Apple iPhone 11 64GB 128GB 256GB Unlocked All Colours - Excellent,"IDR5,376,737.88 to IDR6,153,162.12",Australia,no review
Apple iPhone 11 Pro Max - 64GB 256GB 512GB - Unlocked - Very Good Condition - UK,"IDR6,916,096.47",United Kingdom,49 product ratings - Apple iPhone 11 Pro Max - 64GB 256GB 512GB - Unlocked - Very Good Condition - UK
Apple iPhone 11 ProMax 64GB 256GB 512GB Unlocked All Colours Good Condition,"IDR6,746,732.32 to IDR7,421,489.89",United Kingdom,89 product ratings - Apple iPhone 11 ProMax 64GB 256GB 512GB Unlocked All Colours Good Condition
"Apple iPhone 12 Pro 6.1"" Dual Sim A2408 256GB IP68 Fast charging  CN FreeSHIP","IDR23,140,303.03",Hong Kong,no review
Apple iPhone 12 mini 64GB Verizon AT&T T-Mobile Unlocked  Ultra Good Condition,"IDR4,545,303.03 to IDR6,818,030.30",United States,no review
Apple iPhone 8 - 64GB 256GB - Unlocked All Colours - Good Condition,"IDR2,698,186.86",United Kingdom,no review
Apple iPhone 11 64GB NETWORK UNLOCKED GSM+CDMA+ ALL Carriers GOOD CONDITION,"IDR4,681,666.67",United States,7 product ratings - Apple iPhone 11 64GB NETWORK UNLOCKED GSM+CDMA+ ALL Carriers GOOD CONDITION
"Apple iPhone 13 Pro Max 128GB (Unlocked) Blue, Gold, Graphite, Green - Very Good","IDR15,165,176.52 to IDR16,683,381.06",United Kingdom,"7 product ratings - Apple iPhone 13 Pro Max 128GB (Unlocked) Blue, Gold, Graphite, Green - Very Good"
Apple iPhone XS 64GB All colors (Verizon Unlocked) Very Good,"IDR4,696,818.18",United States,2 product ratings - Apple iPhone XS 64GB All colors (Verizon Unlocked) Very Good
iPhone SE 2nd Gen - 64GB - All Colors - (T-Mobile Sprint) - B Good ,"IDR2,424,242.42",United States,24 product ratings - iPhone SE 2nd Gen - 64GB - All Colors - (T-Mobile Sprint) - B Good 
"Apple iPhone 14 Pro Max 1TB 6.7"" 120Hz Real Dual Sim A2896 48MP CN FREESHIP","IDR39,089,696.97",Hong Kong,no review
Apple iPhone 12 64GB 128GB 256GB Unlocked All Colours - Excellent,"IDR7,608,957.58 to IDR8,967,700.00",Australia,no review
